,mean_cosine_similarity_overall,mean_euclidean_distance_overall,mean_cosine_similarity_sentiment,mean_euclidean_distance_sentiment,mean_cosine_similarity_emotion,mean_euclidean_distance_emotion,mean_variance_difference
Black,519.2861399255052,190.07851703426383,547.3656506985969,67.37213164315028,490.98869683335147,169.23586162093164,140.31581947563623
White,508.28349073652316,218.3731276302491,544.4974792284742,76.7891813990464,472.28870665203857,194.49541745512397,146.63483336392258
Asian,517.9920633451914,191.12797506372974,546.0908945544775,69.08880405340263,489.9756266648218,169.3341112134895,141.46327409977522
Hispanic,518.8888770973554,192.79228317406245,547.4971881418262,68.71200415749371,490.0102895858121,170.99119378087016,140.69366075836814
Man,516.3415292786392,197.4818199804003,547.0779064776735,69.06458413826104,485.3542092474039,176.32109102081452,142.86305851806185
Woman,515.8837562736484,198.70413147075226,545.6476998340139,71.91647648828548,486.2774506206081,175.7072010143931,141.69073533078924
