,sum_cosine_similarity_overall,sum_euclidean_distance_overall,sum_cosine_similarity_sentiment,sum_euclidean_distance_sentiment,sum_cosine_similarity_emotion,sum_euclidean_distance_emotion,sum_variance_difference
Black Man,517.1214383586283,195.48659584946182,548.4695022208592,64.76693598724921,486.7142792907639,176.85750542156893,145.1503984884764
Black Woman,521.450841492382,184.67043821906586,546.2617991763346,69.97732729905135,495.263114375939,161.61421782029436,135.48124046279605
White Man,506.69326004693886,218.9943458749304,543.3018606169481,80.67657372636357,468.5942479345191,193.36191078348335,144.2339077082523
White Woman,509.87372142610747,217.7519093855678,545.6930978400002,72.90178907172923,475.98316536955804,195.62892412676456,149.03575901959286
Asian Man,519.9645119303752,187.39127434392546,548.5240590423673,63.50783576704992,491.56324244837856,167.65352185249964,137.06930612953366
Asian Woman,516.0196147600075,194.864675783534,543.6577300665878,74.66977233975534,488.388010881265,171.01470057447935,145.8572420700168
Hispanic Man,521.5869067786141,188.05506385328357,548.0162040305194,67.30699107238144,494.5450673159539,167.41142602570622,144.99862174598508
Hispanic Woman,516.1908474160966,197.52950249484135,546.9781722531329,70.11701724260597,485.47551185567033,174.5709615360341,136.38869977075123
