,mean_cosine_similarity_overall,mean_euclidean_distance_overall,mean_cosine_similarity_sentiment,mean_euclidean_distance_sentiment,mean_cosine_similarity_emotion,mean_euclidean_distance_emotion,mean_variance_difference
Black,482.49956081151197,259.133530553,529.675240260578,110.10914992969458,432.51334297591256,224.80246865547855,219.47929321992845
White,477.7358219741969,267.0078251200996,527.4593592167964,113.92577870766891,425.3448450801989,232.2747753516992,215.87744580117956
Asian,485.4634331066736,256.21873371743663,525.8748087766687,115.01966549045203,441.98421295908236,218.74717365619213,216.31089477505708
Hispanic,481.8387247058268,260.70452912034983,523.9040288594082,118.25126680855362,437.93022211024095,222.62705515909525,224.38618944611585
Man,480.7825261627918,262.60412500048864,526.0895646601749,115.7743718728454,432.11278057427717,226.12042044730384,219.52068249067713
Woman,482.9862441363129,258.9281842549544,527.3671538965507,112.87855859533917,436.77353098844026,223.10531596392872,218.50622913046334
