,sum_cosine_similarity_overall,sum_euclidean_distance_overall,sum_cosine_similarity_sentiment,sum_euclidean_distance_sentiment,sum_cosine_similarity_emotion,sum_euclidean_distance_emotion,sum_variance_difference
Black Man,483.1391306390328,257.0439885606244,528.4179941335922,113.23231435164331,434.8279009858354,220.6153363565905,220.82912315643495
Black Woman,481.85999098399117,261.2230725453756,530.9324863875637,106.98598550774585,430.1987849659898,228.9896009543666,218.12946328342196
White Man,475.74473142366645,269.97868047943876,525.562307793821,116.94761676262743,421.4768834707865,233.50720404135268,217.34033058033486
White Woman,479.7269125247273,264.0369697607604,529.3564106397718,110.90394065271039,429.21280668961134,231.0423466620457,214.41456102202426
Asian Man,483.83654293211885,258.1747366632015,527.0517926015561,112.60050468153503,436.39766638753315,222.783799189833,216.30551420815198
Asian Woman,487.09032328122845,254.26273077167173,524.6978249517813,117.43882629936903,447.5707595306316,214.71054812255127,216.3162753419622
Hispanic Man,480.40969965634883,265.2190942986899,523.3261641117305,120.31705169557586,435.7486714529538,227.5753422014392,223.6077620177868
Hispanic Woman,483.26774975530475,256.18996394200974,524.4818936070859,116.18548192153139,440.1117727675281,217.67876811675129,225.1646168744449
