,mean_cosine_similarity_overall,mean_euclidean_distance_overall,mean_cosine_similarity_sentiment,mean_euclidean_distance_sentiment,mean_cosine_similarity_emotion,mean_euclidean_distance_emotion,mean_variance_difference
Black,483.3563401749141,256.513712362698,531.5415722511134,102.57634819616835,432.1830883529974,225.2442913594229,206.38925502523915
White,484.29441688946804,255.69349003983888,532.2252253492816,103.36865491010204,431.9057866542902,224.5064097535688,209.65976775387722
Asian,489.00824489908496,247.57175758568152,535.528449730902,96.31147657443825,438.0551747916883,219.35297796255907,208.52998229332098
Hispanic,480.5997381470031,261.26774309269854,535.6034335466036,95.9589772034805,422.98476580932504,234.30906142894972,216.4937308849146
Man,483.50668890779656,257.6433677883362,534.035402494876,100.28382205348939,430.18743398418667,228.5509124580579,209.01035756997442
Woman,485.1226811474386,252.87998375212229,533.4139379440742,98.8239063886052,432.3769738199637,223.15545779419233,211.52601040870155
