,sum_cosine_similarity_overall,sum_euclidean_distance_overall,sum_cosine_similarity_sentiment,sum_euclidean_distance_sentiment,sum_cosine_similarity_emotion,sum_euclidean_distance_emotion,sum_variance_difference
Black Man,480.34597631208516,260.9075700742889,531.1311333484475,105.74314765446792,427.2417232380966,229.78361810564266,208.38884967154698
Black Woman,486.3667040377431,252.1198546511071,531.9520111537794,99.40954873786879,437.12445346789815,220.70496461320317,204.38966037893135
White Man,482.77542167317205,258.51864512078333,532.6648538847086,102.35432127175017,429.2927008331336,229.1301647032157,207.8912489012904
White Woman,485.8134121057641,252.86833495889445,531.7855968138545,104.38298854845391,434.5188724754468,219.88265480392184,211.42828660646404
Asian Man,489.43026002148997,247.94968009937358,535.3851921392053,97.68467053459601,441.5633117467497,218.2061559524732,198.01279488089693
Asian Woman,488.58622977667994,247.19383507198947,535.6717073225988,94.93828261428048,434.54703783662677,220.49979997264495,219.04716970574506
Hispanic Man,481.4750976244391,263.197575858899,536.9604306071427,95.35314875314342,422.6520001187668,237.08371107090005,221.74853682616342
Hispanic Woman,479.7243786695671,259.3379103264981,534.2464364860645,96.56480565381759,423.31753149988333,231.53441178699939,211.2389249436658
