,mean_cosine_similarity_overall,mean_euclidean_distance_overall,mean_cosine_similarity_sentiment,mean_euclidean_distance_sentiment,mean_cosine_similarity_emotion,mean_euclidean_distance_emotion,mean_variance_difference
Black,490.64756309356346,247.13951524199038,533.4147371238007,99.59952448312337,449.54231963092576,215.8348968100368,186.40518074339127
White,497.33299507982883,235.9351659950179,536.7771400510863,91.77057484123532,458.2660256972015,207.2278073041602,181.74232111119142
Asian,502.16473140790526,225.46859201390257,536.039209066525,94.0508913801117,468.8178135257559,194.90276164676226,180.46941238775688
Hispanic,498.21792941675005,232.07069900013818,536.0677221350552,95.4677618893226,459.8960931036253,201.79491145435276,189.27754057848543
Man,493.42201556392087,242.8829999947141,536.1659975307651,94.81066157995791,451.0601836685281,214.3438759474488,188.25241148027172
Woman,500.7595939351029,227.4239861308104,534.9834066574683,95.63371471693858,467.200942310226,195.53631266020722,180.69481593014078
