,sum_cosine_similarity_overall,sum_euclidean_distance_overall,sum_cosine_similarity_sentiment,sum_euclidean_distance_sentiment,sum_cosine_similarity_emotion,sum_euclidean_distance_emotion,sum_variance_difference
Black Man,486.8421186566228,254.16188495435907,534.5935451862944,96.5300557229717,441.6034936003601,225.28512631800572,183.1439382810979
Black Woman,494.4530075305042,240.1171455296217,532.2359290613072,102.66899324327505,457.48114566149144,206.38466730206787,189.66642320568462
White Man,491.148176639401,249.02491015637955,537.5602078609836,93.25832477913818,445.6086761974727,221.19594404322174,189.0756018849078
White Woman,503.5178135202566,222.84542183365627,535.9940722411891,90.28282490333244,470.92337519693024,193.25967056509865,174.40904033747503
Asian Man,501.60834244158065,228.84427364960078,536.6510928835288,93.4258970335954,466.83183935970106,200.1476972162464,179.07279613484945
Asian Woman,502.7211203742298,222.09291037820435,535.4273252495212,94.675885726628,470.8037876918107,189.65782607727814,181.8660286406643
Hispanic Man,494.0894245180791,239.5009312185171,535.8591441922541,96.02836878412636,450.19672551657874,210.74673621232142,201.71730962023176
Hispanic Woman,502.34643431542094,224.64046678175927,536.2763000778561,94.90715499451885,469.59546069067187,192.84308669638412,176.8377715367391
