,mean_cosine_similarity_overall,mean_euclidean_distance_overall,mean_cosine_similarity_sentiment,mean_euclidean_distance_sentiment,mean_cosine_similarity_emotion,mean_euclidean_distance_emotion,mean_variance_difference
Black,507.3446028862096,214.8100168779103,537.6797947807493,89.3375642646243,476.48358998245715,185.64405001637158,147.2784025775378
White,492.08160251135655,244.71737494270957,527.9667777631394,108.99385479277686,455.6467607749008,208.10255352249948,156.19098553111337
Asian,503.4161274762398,224.11094029420212,540.4007042116602,85.17122444952992,464.9750475593212,198.26184331731076,157.16625393873164
Hispanic,505.1473341244675,218.45168898082886,537.5167058928034,90.26772488379049,471.4553027156621,189.9911048806552,148.06211574822404
Man,499.45818520105934,229.591814304718,533.3083041746581,98.42542287895299,464.7633082052632,197.19302589330874,155.33775199048083
Woman,504.53664829807735,221.4531962431074,538.4736871495179,88.45976131640779,469.5170423109075,193.8067499751098,149.0111269073226
