,sum_cosine_similarity_overall,sum_euclidean_distance_overall,sum_cosine_similarity_sentiment,sum_euclidean_distance_sentiment,sum_cosine_similarity_emotion,sum_euclidean_distance_emotion,sum_variance_difference
Black Man,509.19828507089716,211.36171773858234,537.9391445624383,88.51445284729613,479.69812156008066,181.59271991456438,147.64734436831554
Black Woman,505.49092070152204,218.25831601723826,537.4204449990602,90.16067568195248,473.2690584048337,189.6953801181788,146.90946078676006
White Man,479.6796946924147,267.6322200241665,517.7108611490263,129.19045745842138,442.2043138867074,222.1578659380468,162.60339360325244
White Woman,504.48351033029843,221.80252986125262,538.2226943772524,88.79725212713234,469.08920766309427,194.04724110695216,149.7785774589743
Asian Man,502.14293177043356,224.2166557483262,538.8105905293589,88.42120567277937,464.23343820036064,196.9765343201248,160.70133377814835
Asian Woman,504.689323182046,224.00522484007809,541.9908178939614,81.92124322628047,465.7166569182817,199.5471523144967,153.63117409931493
Hispanic Man,506.811829270492,215.156663707797,538.7726204578092,87.57557553731509,472.9173591739038,188.04498340049898,150.39893621220696
Hispanic Woman,503.48283897844294,221.74671425386072,536.2607913277975,92.95987423026588,469.9932462574204,191.93722636081142,145.72529528424113
