,mean_cosine_similarity_overall,mean_euclidean_distance_overall,mean_cosine_similarity_sentiment,mean_euclidean_distance_sentiment,mean_cosine_similarity_emotion,mean_euclidean_distance_emotion,mean_variance_difference
Black,501.6318074640403,226.1442667864973,539.8899022539537,85.25517910324056,464.4056050833957,199.40410454275252,150.35759331765342
White,499.07071385112954,231.3820591559516,537.4823820907693,90.2540830526429,461.130561130821,203.9961258695829,150.48307182805547
Asian,510.06288799121194,210.9773732815887,543.5424291816271,78.71224389639939,477.9548985581531,186.9036833533041,138.83058839651045
Hispanic,506.07810173525695,216.6276818245659,540.2580195988811,84.32453970693182,472.30840050797195,190.59896183475144,145.89833968847933
Man,505.8640256772622,216.7797573431228,541.3596078823899,81.64033971318896,470.3341342282925,191.63831472612546,144.34591643486996
Woman,502.5577298435572,225.78593318117893,539.2267586802257,87.63268316641839,467.56559841187834,198.81312307407003,148.43888018047937
