,sum_cosine_similarity_overall,sum_euclidean_distance_overall,sum_cosine_similarity_sentiment,sum_euclidean_distance_sentiment,sum_cosine_similarity_emotion,sum_euclidean_distance_emotion,sum_variance_difference
Black Man,506.94160292278036,211.52318607167246,545.1951646847392,72.96698067587961,468.31510799977883,189.90789783404358,140.42114833327736
Black Woman,496.32201200530034,240.76534750132214,534.5846398231681,97.54337753060152,460.49610216701257,208.9003112514615,160.29403830202952
White Man,497.6395824205647,231.89910742909882,535.7277902439074,93.12215475964572,459.3663442528634,202.7065972178947,150.67286698911107
White Woman,500.50184528169433,230.86501088280437,539.2369739376312,87.38601134564007,462.8947780087785,205.28565452127108,150.29327666699984
Asian Man,510.1254987229101,214.25325041287874,542.542907542808,80.86997347343832,478.93095093433055,188.9303220588244,142.0394948616731
Asian Woman,510.0002772595137,207.70149615029865,544.5419508204461,76.55451431936045,476.9788461819757,184.8770446477838,135.62168193134784
Hispanic Man,508.7494186427936,209.4434854588412,541.972569058105,79.60224994379216,474.72413372619735,185.00844179373905,144.25015555541836
Hispanic Woman,503.4067848277203,223.81187819029063,538.5434701396572,89.04682947007147,469.89266728974656,196.18948187576382,147.54652382154032
