,mean_cosine_similarity_overall,mean_euclidean_distance_overall,mean_cosine_similarity_sentiment,mean_euclidean_distance_sentiment,mean_cosine_similarity_emotion,mean_euclidean_distance_emotion,mean_variance_difference
Black,497.0338952456111,236.60992280732023,534.5064711898776,97.59584537037097,460.8428560959692,204.81301402222755,168.51550215749523
White,500.82426490909927,232.7845828542153,535.9829193745663,96.08165921239097,466.06297992014277,202.7013089143632,176.83655843994143
Asian,500.5280513661718,230.06379688248518,536.5566670320676,93.46246961336436,465.5511685714358,200.39436573671773,168.0056014441452
Hispanic,498.6723646809419,234.3211971010441,538.6908801191544,89.26842002831333,459.09715292463466,207.1889930363641,171.3443790955547
Man,497.88400247290775,236.91756785310073,535.8005666611166,95.01061381605847,460.40776208972864,206.78696522177694,172.49763033742738
Woman,500.6452856280043,229.9721819694317,537.0679021967164,93.19358329616136,465.36931666636247,200.7618756330594,169.8533902311409
