,sum_cosine_similarity_overall,sum_euclidean_distance_overall,sum_cosine_similarity_sentiment,sum_euclidean_distance_sentiment,sum_cosine_similarity_emotion,sum_euclidean_distance_emotion,sum_variance_difference
Black Man,494.8294521302748,240.0136690979486,534.3166636816671,97.62481435951781,455.60339135415416,207.78373432342352,169.43088160987332
Black Woman,499.2383383609475,233.2061765166919,534.6962786980882,97.56687638122413,466.08232083778415,201.84229372103158,167.60012270511714
White Man,497.29917558522345,241.09442468106607,533.0786724539323,101.12738852514336,462.15713779993905,209.0758980190498,181.38036323758791
White Woman,504.3493542329751,224.47474102736453,538.8871662952002,91.0359298996386,469.9688220403465,196.3267198096766,172.2927536422949
Asian Man,500.46602244897446,232.8221642056854,536.3040611964,94.32395774645036,464.73359353352,202.22139482358347,167.60667398128223
Asian Woman,500.59008028336916,227.30542955928496,536.8092728677352,92.60098148027838,466.3687436093516,198.567336649852,168.40452890700817
Hispanic Man,498.94135972715844,233.7400134277028,539.5028693124669,86.96629463312235,459.1369256713015,208.06683372105087,171.572602520966
Hispanic Woman,498.4033696347254,234.90238077438545,537.8788909258419,91.57054542350433,459.05738017796773,206.31115235167735,171.1161556701434
