,mean_cosine_similarity_overall,mean_euclidean_distance_overall,mean_cosine_similarity_sentiment,mean_euclidean_distance_sentiment,mean_cosine_similarity_emotion,mean_euclidean_distance_emotion,mean_variance_difference
Black,500.49620518136885,232.00875179103454,535.2885574699658,93.11904779770703,467.8809936185268,201.6250043340139,158.6274562656828
White,502.4015366592938,227.97558082859746,535.492837736674,93.90965850307136,471.52842832266356,196.21432833113528,154.2612751675219
Asian,507.1934433364915,217.66269804186447,538.0833754193839,89.82886568137317,477.814008817488,187.17336808223237,154.86954309790096
Hispanic,508.8570213291709,215.4116263194394,538.6631352388882,90.11341977003184,480.2773853646837,185.80356365791343,160.58349517472175
Man,506.39443179760474,219.02258745980004,537.3573777785608,89.88101719369558,477.3801326495841,189.4613053108774,155.88126973626834
Woman,503.0796714555578,227.50674103066788,536.4065751538951,93.60447868239612,471.37027541209704,195.94682689177006,158.28961511664534
