,sum_cosine_similarity_overall,sum_euclidean_distance_overall,sum_cosine_similarity_sentiment,sum_euclidean_distance_sentiment,sum_cosine_similarity_emotion,sum_euclidean_distance_emotion,sum_variance_difference
Black Man,506.2200315591241,220.51755302820365,539.8693182198399,84.99632316872454,474.0510607655874,193.0812781324254,156.41455024067372
Black Woman,494.7723788036136,243.49995055386543,530.7077967200917,101.2417724266895,461.7109264714662,210.16873053560238,160.8403622906919
White Man,501.3543950728548,228.52672288160923,533.7979266595365,94.9027960231647,471.1350421304461,196.33175305132568,153.94196597494172
White Woman,503.4486782457328,227.42443877558568,537.1877488138115,92.91652098297801,471.92181451488096,196.0969036109449,154.58058436010202
Asian Man,505.0357464648862,219.2227158736273,537.2526732284591,90.08766437089123,475.21078705615105,190.4311135219506,153.52783446328277
Asian Woman,509.3511402080968,216.10268021010165,538.9140776103085,89.57006699185511,480.41723057882496,183.91562264251414,156.21125173251914
Hispanic Man,512.9675540935539,207.82335805575994,538.5095930064076,89.53728521200183,489.1236406461516,178.00107653780802,159.64072826617516
Hispanic Woman,504.7464885647879,222.99989458311885,538.8166774713688,90.68955432806183,471.43113008321586,193.60605077801884,161.5262620832683
