,mean_cosine_similarity_overall,mean_euclidean_distance_overall,mean_cosine_similarity_sentiment,mean_euclidean_distance_sentiment,mean_cosine_similarity_emotion,mean_euclidean_distance_emotion,mean_variance_difference
Black,480.6454390515045,261.36532723091733,532.5435120567216,101.86949402833473,428.26872240041234,232.24388454319256,213.2194308271379
White,478.36741782726097,261.72896961405587,530.2343350994653,103.80790932959083,422.3413953703792,231.1897003782513,210.97978984468864
Asian,492.024196560619,241.31954087124163,533.9888387808207,98.1342584501993,448.448190507523,211.42430929904504,204.46533939233223
Hispanic,488.63722269069797,244.51116601861216,530.96927530569,103.66980258078893,445.19860903411507,211.6258057945136,211.75410341576497
Man,483.0167532969829,255.37610667010685,531.1093529008253,102.58711217913047,433.71831897103647,224.62841094371555,210.0089541609644
Woman,486.8203847680583,249.08639519730662,532.7586277205236,101.15362001532642,438.4101396851783,218.6134390637857,210.20037757899746
