,sum_cosine_similarity_overall,sum_euclidean_distance_overall,sum_cosine_similarity_sentiment,sum_euclidean_distance_sentiment,sum_cosine_similarity_emotion,sum_euclidean_distance_emotion,sum_variance_difference
Black Man,476.6843854794877,269.3532655419745,531.9033751699303,103.19590253381486,422.47486953242026,240.84048091344368,217.19796136556351
Black Woman,484.6064926235214,253.37738891986015,533.1836489435129,100.5430855228546,434.06257526840443,223.64728817294144,209.24090028871228
White Man,473.49876566275907,270.1970147898185,527.3701047113665,107.62941664633581,416.45029761916453,238.02739208075164,215.30651891643163
White Woman,483.23606999176286,253.26092443829322,533.0985654875641,99.98640201284584,428.23249312159385,224.35200867575097,206.65306077294568
Asian Man,492.03513437922874,239.91599193988168,534.8961502856004,95.64186851376235,447.1201342593538,211.37172129155348,202.2989411787756
Asian Woman,492.01325874200927,242.72308980260158,533.081527276041,100.62664838663623,449.7762467556923,211.4768973065366,206.63173760588882
Hispanic Man,489.8487276664562,242.03815440875272,530.267781436404,103.88126102260884,448.82797447320735,208.27404948911334,205.23239518308688
Hispanic Woman,487.42571771493976,246.9841776284716,531.670769174976,103.45834413896901,441.5692435950228,214.97756209991385,218.27581164844307
